layer,head,prev,self,first,punct
0,0,0.15269375,0.16412178,0.328475,0.017294286
0,1,0.0076575507,0.939916,0.008533985,0.1325818
0,2,0.159974,0.19569336,0.39454517,0.0729459
0,3,0.102691375,0.80860794,0.031897604,0.10754226
0,4,0.18630555,0.5004903,0.12688681,0.064610966
0,5,0.016404992,0.7373931,0.103453346,0.050739344
0,6,0.17354548,0.14013349,0.2687288,0.015490709
0,7,0.290873,0.2701516,0.20192935,0.107996985
0,8,0.16195689,0.27412093,0.22868575,0.13533284
0,9,0.1698652,0.1488082,0.35676548,0.062314056
0,10,0.11968468,0.26207432,0.33129194,0.0589941
0,11,0.15158387,0.19650225,0.3332147,0.07446267
1,0,0.37494272,0.17182057,0.22780783,0.04831373
1,1,0.23774923,0.17490648,0.36129782,0.12447989
1,2,0.18428406,0.20658141,0.32447243,0.10151122
1,3,0.1246445,0.17984632,0.52561,0.045473393
1,4,0.14561602,0.15955606,0.49945268,0.046368577
1,5,0.15193072,0.23207219,0.40996185,0.14187072
1,6,0.12499864,0.13265172,0.5337723,0.049275342
1,7,0.13932724,0.13058658,0.5269558,0.058557637
1,8,0.13536446,0.1385534,0.5280005,0.07422478
1,9,0.11974776,0.11636824,0.6372248,0.026881134
1,10,0.1810558,0.31641906,0.0014553227,0.07667954
1,11,0.050711744,0.6893793,0.16086261,0.060434707
2,0,0.24891365,0.17249295,0.29147473,0.0293957
2,1,0.11917995,0.1155201,0.7000701,0.047227193
2,2,0.5914618,0.16878387,0.1584251,0.12312557
2,3,0.3334307,0.17902191,0.2823659,0.032977495
2,4,0.38415837,0.14051802,0.36977962,0.09653481
2,5,0.31844205,0.19681641,0.25002977,0.17036
2,6,0.14540713,0.17348476,0.5757127,0.06465566
2,7,0.21288863,0.29138666,0.21927421,0.06960277
2,8,0.33098173,0.15638547,0.2414179,0.062223498
2,9,0.35844025,0.16912429,0.14303029,0.04046311
2,10,0.18461725,0.21534769,0.35847354,0.04431575
2,11,0.12625436,0.1359215,0.70702803,0.02396985
3,0,0.07125555,0.10011519,0.9498263,0.0014208605
3,1,0.14828408,0.13111843,0.6421572,0.059041023
3,2,0.45054945,0.18373708,0.24862027,0.043503053
3,3,0.29054666,0.11960766,0.60858786,0.074691184
3,4,0.08504722,0.08051511,0.91706496,0.014583673
3,5,0.11722773,0.09780557,0.6071524,0.025501033
3,6,0.2867693,0.18244362,0.32192132,0.046465535
3,7,0.35133305,0.16483156,0.3408554,0.056074943
3,8,0.30325863,0.20165227,0.39536953,0.11471203
3,9,0.2737084,0.1126743,0.4460804,0.029064558
3,10,0.11636137,0.20200749,0.7141161,0.03097363
3,11,0.23590271,0.17788506,0.41001573,0.03907383
4,0,0.28478202,0.13963549,0.44632038,0.023673795
4,1,0.20854332,0.12074404,0.57912695,0.036176063
4,2,0.09323187,0.0884203,0.8538726,0.01733621
4,3,0.1930217,0.09245589,0.26152024,0.008202964
4,4,0.1452192,0.13526908,0.7140075,0.020793974
4,5,0.17139767,0.103276715,0.74208266,0.017731583
4,6,0.13115557,0.10459768,0.6222231,0.02431768
4,7,0.17445828,0.513719,0.30030695,0.08366068
4,8,0.12130608,0.109986916,0.7874061,0.030317541
4,9,0.15213622,0.0952579,0.5116255,0.008617545
4,10,0.0873201,0.10453002,0.86774176,0.0246984
4,11,0.9998876,0.066765994,0.07142691,0.066654205
5,0,0.077184275,0.089318626,0.9061399,0.024180045
5,1,0.07148795,0.06812733,0.9951353,0.00035787327
5,2,0.20797728,0.09248933,0.4608055,0.021683728
5,3,0.1452123,0.11446114,0.5262346,0.021308033
5,4,0.22447821,0.12667616,0.4987115,0.02196398
5,5,0.075317994,0.07579005,0.92127293,0.008125868
5,6,0.24622461,0.092038296,0.73225486,0.01696988
5,7,0.15581824,0.09260914,0.6684975,0.0042548236
5,8,0.08553358,0.09181435,0.75765693,0.029220428
5,9,0.08518193,0.077993646,0.8643548,0.013593729
5,10,0.1799396,0.12686035,0.46402258,0.039990608
5,11,0.10449787,0.18116958,0.70778745,0.03551189
6,0,0.23008586,0.09312516,0.34685427,0.004284032
6,1,0.09558103,0.08750766,0.6744043,0.02673341
6,2,0.0965988,0.09397343,0.8251525,0.04235267
6,3,0.14264455,0.12024962,0.58495766,0.05948136
6,4,0.1522911,0.16964187,0.5380503,0.055508334
6,5,0.13528349,0.15659322,0.6544584,0.026321495
6,6,0.094221644,0.15378968,0.7893859,0.038775697
6,7,0.17262137,0.13629456,0.50943244,0.025135506
6,8,0.24170563,0.08938836,0.58359605,0.016842514
6,9,0.07226955,0.07344409,0.97267807,0.003444405
6,10,0.08389072,0.097923614,0.8937009,0.013889245
6,11,0.21792404,0.12328173,0.59169203,0.012842302
7,0,0.24281304,0.08672764,0.72984445,0.006869212
7,1,0.08419454,0.09958924,0.8447572,0.024481665
7,2,0.07206857,0.06882347,0.9929424,0.0008047223
7,3,0.13532624,0.10972567,0.6132253,0.024232157
7,4,0.11061007,0.08459267,0.7811836,0.0033555564
7,5,0.13386816,0.10848139,0.6979202,0.018870836
7,6,0.097121656,0.10018923,0.8212889,0.012353747
7,7,0.079778746,0.08087288,0.89810646,0.016529016
7,8,0.19642332,0.10124792,0.50366414,0.018035207
7,9,0.13432439,0.10046736,0.6921095,0.013771349
7,10,0.07248016,0.07055453,0.9710769,0.0022611269
7,11,0.075968705,0.0783895,0.9297876,0.006033533
8,0,0.09977992,0.10556035,0.8288861,0.019689417
8,1,0.07456987,0.07266724,0.9394282,0.0052737664
8,2,0.11745543,0.11210955,0.6614858,0.04591237
8,3,0.090114,0.09534213,0.7827048,0.014397712
8,4,0.19037591,0.12266662,0.676218,0.011968053
8,5,0.2241356,0.12496248,0.4388778,0.027644165
8,6,0.0875055,0.095515884,0.7397462,0.024122892
8,7,0.26307392,0.11214549,0.65956223,0.0062423027
8,8,0.13003986,0.110465005,0.64405423,0.05655643
8,9,0.098116286,0.10667729,0.8104904,0.018613541
8,10,0.12630054,0.16367139,0.5966128,0.039050817
8,11,0.08743419,0.08443917,0.8518558,0.0151652815
9,0,0.09546797,0.09763156,0.6663652,0.0054913303
9,1,0.07575239,0.07956263,0.9565029,0.0069498667
9,2,0.11225049,0.10912135,0.71270365,0.020896921
9,3,0.25243634,0.11954183,0.53071934,0.029885104
9,4,0.08333691,0.08824503,0.850896,0.0164014
9,5,0.10015137,0.103989445,0.8242053,0.010493383
9,6,0.073373504,0.072241776,0.9178588,0.0019017763
9,7,0.10180569,0.09167894,0.6996929,0.016496863
9,8,0.08897682,0.07998918,0.8287934,0.0077857566
9,9,0.072577916,0.07073386,0.97477216,0.0019621819
9,10,0.16155687,0.10533635,0.6971928,0.012518046
9,11,0.07410718,0.07096658,0.9533311,0.005198164
10,0,0.0851471,0.09090444,0.8172332,0.013085097
10,1,0.075604424,0.07636056,0.9520693,0.0040497566
10,2,0.076724894,0.077602796,0.93276507,0.0071232044
10,3,0.08819818,0.100081995,0.8634492,0.024943758
10,4,0.11782583,0.12678026,0.64619845,0.032570496
10,5,0.11823504,0.099740185,0.7660036,0.018426998
10,6,0.076563425,0.07321108,0.9272771,0.0026322145
10,7,0.09343518,0.117805004,0.7439458,0.028119063
10,8,0.074564874,0.07528354,0.95134246,0.006174855
10,9,0.14035384,0.12124039,0.67945474,0.028040351
10,10,0.07450326,0.0770892,0.93768215,0.0028858944
10,11,0.15305527,0.09502466,0.8249083,0.0071205413
11,0,0.18880442,0.21171649,0.23708476,0.08679417
11,1,0.09999846,0.10069965,0.764607,0.021722818
11,2,0.081129804,0.090667576,0.86215496,0.019697553
11,3,0.14227533,0.14779788,0.50362295,0.082936786
11,4,0.105235025,0.10948394,0.76290286,0.035467293
11,5,0.0852515,0.094315484,0.88127357,0.022965154
11,6,0.07664804,0.07877772,0.9163195,0.00578168
11,7,0.082530186,0.09103686,0.873972,0.021292275
11,8,0.19212146,0.33559832,0.00025425432,0.11420428
11,9,0.07855088,0.07773991,0.9441472,0.009695377
11,10,0.12960328,0.16886051,0.52440405,0.06126692
11,11,0.12215301,0.11991224,0.64635366,0.03440503
