layer,head,prev,self,first,next,sep,punct
0,0,0.06164058,0.05993301,0.045046996,0.05699621,0.06883046,0.1337766
0,1,0.06237289,0.07283828,0.042098805,0.081406474,0.041087843,0.13036866
0,2,0.42862698,0.10665578,0.30448636,0.03524639,0.033390198,0.10907582
0,3,0.40659094,0.09351276,0.07483627,0.028165111,0.011588854,0.095230974
0,4,0.049641676,0.12085177,0.08482313,0.06355333,0.107388675,0.098720014
0,5,0.084746495,0.06219464,0.1233703,0.06480892,0.050975434,0.19636953
0,6,0.051672973,0.10345122,0.045733016,0.07222847,0.051616844,0.08439854
0,7,0.04853877,0.088482104,0.2172423,0.058343135,0.14091365,0.10642958
0,8,0.05659177,0.08457179,0.013315866,0.0799526,0.07803643,0.087706216
0,9,0.052450348,0.09509699,0.23900007,0.03436042,0.06885841,0.1067921
0,10,0.066485904,0.09795606,0.020641297,0.5763186,0.09586741,0.13958174
0,11,0.13410367,0.0632243,0.30345052,0.083656095,0.07863349,0.016411986
1,0,0.05669459,0.042243656,0.20341909,0.06711174,0.10835856,0.24206947
1,1,0.021457281,0.052862927,0.32048485,0.55686474,0.06157826,0.04062987
1,2,0.04582638,0.07360377,0.32610652,0.052120276,0.26270083,0.044178214
1,3,0.058558885,0.074025206,0.35172147,0.034736354,0.0538513,0.086440586
1,4,0.5621218,0.05024353,0.36829892,0.014852902,0.02191542,0.08234285
1,5,0.051687356,0.09133364,0.36386698,0.046023212,0.15691881,0.1380099
1,6,0.06546099,0.06199402,0.8675655,0.020789891,0.032243256,0.032592535
1,7,0.05124288,0.0930001,0.34206885,0.043178122,0.06503413,0.19614851
1,8,0.05674617,0.043930754,0.20132789,0.052802198,0.10159253,0.112525746
1,9,0.053599644,0.02935709,0.4032832,0.039421733,0.14420855,0.08012481
1,10,0.11071671,0.066250876,0.39443684,0.03729777,0.04120134,0.0753109
1,11,0.022814877,0.25929454,0.14280164,0.025999224,0.11246967,0.06929489
2,0,2.8325929e-05,0.05993531,0.060351107,0.9373252,0.060836464,0.11790329
2,1,0.19529547,0.06879575,0.54494554,0.03876355,0.116619766,0.047688104
2,2,0.07125072,0.07679504,0.6205442,0.020693352,0.08800377,0.06761203
2,3,0.035773557,0.062179398,0.43327886,0.04111515,0.13734052,0.08999652
2,4,0.053841524,0.118058175,0.5298982,0.026162716,0.08719188,0.08007169
2,5,0.045427855,0.0900423,0.27933034,0.082150325,0.092805885,0.13383594
2,6,0.031215385,0.37246138,0.11222556,0.02724664,0.12620455,0.11675373
2,7,0.05278672,0.08973367,0.3623202,0.04015336,0.06880719,0.057669654
2,8,0.036004923,0.0979075,0.39997268,0.0335112,0.120611385,0.10132906
2,9,6.43583e-05,0.048888702,0.06160876,0.9379536,0.062907785,0.12021348
2,10,0.047711268,0.07072644,0.49931285,0.033088677,0.099136524,0.06550639
2,11,0.04089483,0.086539805,0.35718682,0.07326429,0.051326983,0.08555202
3,0,0.0070142737,0.15916769,0.33839184,0.028706076,0.39630228,0.039145358
3,1,0.057546705,0.08168714,0.22788924,0.086510256,0.26926255,0.06325237
3,2,0.05545167,0.16980834,0.1693026,0.04198063,0.22607075,0.22889388
3,3,0.024534555,0.08303833,0.18820187,0.13352199,0.18502562,0.11158564
3,4,0.03732149,0.048380394,0.1969549,0.04724261,0.3239444,0.07228627
3,5,0.6812018,0.06966636,0.2936803,0.006357874,0.012211846,0.06883242
3,6,0.033596717,0.09700875,0.233971,0.035479363,0.24952866,0.1887284
3,7,0.048905183,0.12179793,0.27817643,0.051904824,0.19948402,0.06544199
3,8,0.042588927,0.09807374,0.21537843,0.04526432,0.24611905,0.059865937
3,9,0.005660075,0.059912954,0.33092958,0.39070868,0.09273982,0.014472373
3,10,0.037470426,0.075320706,0.18648437,0.107365906,0.20124912,0.03303543
3,11,0.19495212,0.07702917,0.23509555,0.027457068,0.13922976,0.06891945
4,0,0.0993985,0.08351873,0.0119445175,0.0981962,0.41936034,0.030820496
4,1,0.045386128,0.09227937,0.009644182,0.040502273,0.18755119,0.11103588
4,2,0.038037702,0.078099154,0.09930067,0.031362988,0.53280306,0.061050694
4,3,0.0051802713,0.19074547,0.02266338,0.042843692,0.68168515,0.04868677
4,4,0.032011345,0.098278224,0.012149619,0.05420547,0.40562847,0.11029578
4,5,0.011911741,0.07994145,0.05611037,0.19572884,0.37014413,0.051006094
4,6,0.059741527,0.08385544,0.022570897,0.07759154,0.5057296,0.02536791
4,7,0.14461617,0.070453376,0.058411494,0.06635489,0.6790834,0.019396327
4,8,0.024449851,0.0979786,0.074505664,0.068363145,0.5033496,0.08102172
4,9,0.044812635,0.11719143,0.11779822,0.05391867,0.42513353,0.07696384
4,10,0.11404004,0.07805368,0.0638439,0.016640157,0.34543353,0.029280107
4,11,0.01607223,0.07426974,0.03965261,0.27330837,0.62138975,0.028960252
5,0,0.021111093,0.08665075,0.033387993,0.14415401,0.58995575,0.050234232
5,1,0.09216169,0.06931236,0.018393226,0.063196145,0.83873194,0.009515425
5,2,0.033702668,0.0879149,0.051519256,0.035319325,0.5199904,0.04901591
5,3,0.057026077,0.07711211,0.033738356,0.023109386,0.45594192,0.03369272
5,4,0.04628983,0.11164049,0.0747099,0.05005999,0.42667964,0.09057627
5,5,0.009297753,0.098027274,0.02714541,0.053739928,0.649675,0.031208698
5,6,0.17830744,0.05940899,0.033839136,0.057030134,0.65302324,0.017490447
5,7,0.011512212,0.077426404,0.028107442,0.17289986,0.5758934,0.019255295
5,8,0.01887088,0.086451456,0.026038745,0.06859109,0.5138929,0.040730502
5,9,0.007998779,0.049155585,0.03152128,0.5229634,0.42487493,0.059297983
5,10,0.20768698,0.077049226,0.04701501,0.048746906,0.4581273,0.07184218
5,11,0.009386845,0.07176863,0.037408758,0.092910916,0.63444835,0.03906708
6,0,0.012901086,0.09432376,0.015443474,0.024103539,0.4868522,0.03363593
6,1,0.035804655,0.082099535,0.044800628,0.023989702,0.54538536,0.056107834
6,2,0.047748312,0.09621744,0.049374472,0.03043316,0.52789813,0.080930844
6,3,0.17184313,0.09271251,0.01680427,0.05955069,0.66886824,0.053534523
6,4,0.08485578,0.06836558,0.004513332,0.031303287,0.590997,0.009485932
6,5,0.01783364,0.08053014,0.018091874,0.23714635,0.3647258,0.01335343
6,6,0.014196304,0.082079105,0.026362786,0.25398323,0.5217069,0.02757344
6,7,0.029072078,0.082769215,0.009108275,0.07606303,0.4259413,0.03180054
6,8,0.034841128,0.07996859,0.13610107,0.03330432,0.58009326,0.06725657
6,9,0.17119987,0.09232842,0.05041086,0.054465592,0.4463183,0.07672904
6,10,0.049667686,0.06717272,0.01638686,0.04042623,0.60105646,0.02325937
6,11,0.4720185,0.08106446,0.035589367,0.030623965,0.38620657,0.12553036
7,0,0.057461664,0.074863195,0.016640017,0.028656371,0.4244294,0.064583376
7,1,0.010510395,0.08669144,0.015068056,0.10935562,0.5416361,0.041377857
7,2,0.021067107,0.07695197,0.017481292,0.30091184,0.46506882,0.02423606
7,3,0.10291625,0.0676457,0.019048985,0.055923745,0.7901242,0.022963842
7,4,0.59754276,0.07389946,0.0130950175,0.058316194,0.30619013,0.08562198
7,5,0.05483275,0.1009658,0.040056095,0.09315471,0.3428973,0.04526742
7,6,0.015832607,0.09673962,0.024272373,0.13555938,0.7435992,0.033885747
7,7,0.1350317,0.084830955,0.008758631,0.047054455,0.69600624,0.14306012
7,8,0.01185087,0.08123149,0.088229254,0.08593977,0.27879873,0.27964434
7,9,0.12464967,0.07603667,0.03558527,0.060131468,0.5817361,0.06266452
7,10,0.015287198,0.07289875,0.018318724,0.23703286,0.48155525,0.017515343
7,11,0.1396711,0.08422551,0.014945513,0.05373101,0.66458875,0.12849917
8,0,0.027941516,0.10540409,0.0907205,0.08966255,0.5251421,0.075132586
8,1,0.030678652,0.09003439,0.050625123,0.046608843,0.55909604,0.10994366
8,2,0.0027337398,0.06089359,0.0075248145,0.13904582,0.8150455,0.009125192
8,3,0.031795103,0.14141317,0.016458904,0.092083916,0.54742575,0.096058674
8,4,0.032969594,0.08783423,0.008185661,0.021288339,0.513005,0.043060273
8,5,0.008683615,0.0743918,0.011470677,0.08562065,0.7492817,0.016646855
8,6,0.08213392,0.0812427,0.014171142,0.05640877,0.7739839,0.032502383
8,7,0.046399575,0.100212336,0.014820008,0.07240123,0.34265003,0.07193519
8,8,0.03712727,0.109650314,0.035998918,0.04896283,0.28742114,0.07586608
8,9,0.026257984,0.086384304,0.100072116,0.13148998,0.4035612,0.13696146
8,10,0.053153805,0.068568625,0.008396252,0.102028236,0.4744669,0.024666946
8,11,0.10062306,0.07578986,0.020244446,0.06888924,0.5041155,0.06967794
9,0,0.033620857,0.13705322,0.009186417,0.12710068,0.5395827,0.03548856
9,1,0.034306902,0.06732142,0.12148103,0.07067286,0.5639188,0.06368748
9,2,0.04818864,0.043666754,0.06214065,0.06587243,0.34341455,0.22269982
9,3,0.067732334,0.066322796,0.037860848,0.08557935,0.5413245,0.11558182
9,4,0.040650986,0.062040456,0.037554048,0.08159728,0.60329413,0.08628509
9,5,0.043991778,0.06610664,0.008911049,0.13113385,0.37037423,0.09749649
9,6,0.02031171,0.11842114,0.11530016,0.049265265,0.6494772,0.094547816
9,7,0.05909038,0.11332017,0.0110845715,0.12908714,0.55884886,0.023484655
9,8,0.08287203,0.15106115,0.06756446,0.06569107,0.2547112,0.16754773
9,9,0.026647545,0.06187352,0.022591416,0.062051445,0.81322396,0.029190112
9,10,0.036854286,0.04919135,0.13410673,0.10512252,0.38156894,0.12270481
9,11,0.02642603,0.029776176,0.124398015,0.044989903,0.4986698,0.14130561
10,0,0.056195535,0.0937343,0.116896495,0.06223765,0.12824994,0.37409243
10,1,0.06806494,0.12530673,0.003778298,0.077154554,0.0063608033,0.8257557
10,2,0.077695295,0.14771728,0.077059664,0.07439936,0.046123758,0.48770052
10,3,0.047846004,0.027356222,0.10147495,0.04316458,0.1622726,0.5821968
10,4,0.07835287,0.08508057,0.14360763,0.056327045,0.050527137,0.6230075
10,5,0.06365528,0.09085092,0.004092981,0.064716555,0.0121615,0.8689633
10,6,0.08845727,0.11580327,0.09437722,0.08348013,0.031590182,0.6233302
10,7,0.041579187,0.067027904,0.07165207,0.055066165,0.0866114,0.64184844
10,8,0.038183928,0.11004453,0.017388709,0.05943712,0.16672568,0.56902224
10,9,0.06503106,0.19750446,0.004590395,0.05077752,0.022849632,0.742641
10,10,0.018522434,0.09647644,0.27625093,0.019752314,0.50237906,0.04697318
10,11,0.029986547,0.063276395,0.017587068,0.06550513,0.023392044,0.48827755
11,0,0.03866932,0.07780628,0.025315033,0.06605132,0.03893676,0.83356094
11,1,0.053209417,0.07546525,0.030687278,0.059769057,0.047301453,0.7992779
11,2,0.045967564,0.09051842,0.03509192,0.0735172,0.06762521,0.56758696
11,3,0.046111114,0.084604956,0.024439361,0.07314859,0.07633544,0.75032043
11,4,0.049305268,0.07266693,0.016533637,0.0671891,0.032973066,0.83656657
11,5,0.05352743,0.11263672,0.023605265,0.08299954,0.036664344,0.691894
11,6,0.04348269,0.08186817,0.05381747,0.064514615,0.055347133,0.657312
11,7,0.050761014,0.07593352,0.013308326,0.055926953,0.018190512,0.89077693
11,8,0.07176083,0.3872802,0.01251253,0.044403777,0.0122847725,0.24644868
11,9,0.040917967,0.12156146,0.07404821,0.07317026,0.046601463,0.44744217
11,10,0.062412288,0.074091285,0.01508249,0.06744849,0.03928669,0.80127615
11,11,0.05625459,0.07188886,0.008075432,0.059823878,0.024830408,0.8603991
