capa,cabeza,A: it→animal,A: it→street,B: it→animal,B: it→street,Δ = s_A − s_B
7,11,0.2842694818973541,0.06708641350269318,0.011940095573663712,0.5901737213134766,0.7954166531562805
9,11,0.6755208373069763,0.0004078729834873229,0.30909064412117004,0.25924912095069885,0.6252714395523071
10,9,0.45443612337112427,0.0025481916964054108,0.022884106263518333,0.04494927078485489,0.47395309805870056
10,1,0.6079475283622742,0.002260386012494564,0.25537028908729553,0.07443612068891525,0.42475298047065735
11,9,0.564285933971405,0.0014942800626158714,0.24492457509040833,0.07805318385362625,0.3959202468395233
9,5,0.24165907502174377,0.01447583269327879,0.04621729627251625,0.20908261835575104,0.3900485634803772
5,11,0.3329885005950928,0.0952228382229805,0.16743937134742737,0.2882578670978546,0.3585841655731201
11,7,0.7141129374504089,0.008001423440873623,0.4896564483642578,0.10774005949497223,0.32419508695602417
10,2,0.43219688534736633,0.016039714217185974,0.34144705533981323,0.2164100855588913,0.2911202311515808
9,8,0.20520752668380737,0.05025286227464676,0.06111384555697441,0.19436685740947723,0.28820767998695374
7,5,0.23856927454471588,0.13388372957706451,0.08145155012607574,0.25095683336257935,0.27419084310531616
7,3,0.5761709809303284,0.008769347332417965,0.38415777683258057,0.024097535759210587,0.20734140276908875
9,4,0.08216980844736099,0.025616440922021866,0.012958778068423271,0.15941691398620605,0.20301149785518646
7,1,0.4083805978298187,0.013550659641623497,0.2271561622619629,0.032970793545246124,0.20064455270767212
11,2,0.1840716004371643,0.0035764232743531466,0.0422106571495533,0.04846486821770668,0.1867493838071823
11,3,0.1884147971868515,0.00042788119753822684,0.020524311810731888,0.004795304033905268,0.1722579002380371
5,1,0.26345235109329224,0.028593165799975395,0.10371104627847672,0.03840881586074829,0.16955694556236267
10,6,0.3280186951160431,0.10625558346509933,0.14117392897605896,0.07342255860567093,0.15401172637939453
10,8,0.22526860237121582,0.038778312504291534,0.10341006517410278,0.06981504708528519,0.1528952717781067
9,2,0.11500763893127441,0.00434160977602005,0.015426723286509514,0.05637631192803383,0.15161561965942383
11,11,0.1292731910943985,9.219689900419326e-07,0.0017973845824599266,0.0004091717710252851,0.12788406014442444
6,4,0.14948052167892456,0.020163334906101227,0.0376080758869648,0.018411826342344284,0.11012094467878342
12,4,0.11576108634471893,0.01875118352472782,0.026750965043902397,0.03936734423041344,0.10962628573179245
9,1,0.12651240825653076,0.005549650173634291,0.043932974338531494,0.031109709292650223,0.10813950002193451
4,11,0.8469523191452026,0.04573975130915642,0.7564116716384888,0.05784344673156738,0.10264432430267334
3,11,0.516842782497406,0.015821708366274834,0.4198944568634033,0.019369250163435936,0.10049587488174438
6,6,0.16412383317947388,0.00011056198127334937,0.06565992534160614,0.0006103931227698922,0.09896373748779297
12,9,0.04485654458403587,0.007420483510941267,0.017439238727092743,0.07603991776704788,0.09603673964738846
10,11,0.16411727666854858,0.02024390734732151,0.07339707762002945,0.013740061782300472,0.08421634882688522
12,10,0.06611365079879761,0.023255551233887672,0.01833164319396019,0.045747049152851105,0.0702735036611557
7,8,0.12802532315254211,0.11346006393432617,0.09655465185642242,0.14230333268642426,0.06031394004821777
8,12,0.07086564600467682,0.007680889219045639,0.06372541934251785,0.05242304503917694,0.05188237875699997
12,7,0.07908440381288528,0.004900054540485144,0.037056028842926025,0.012896796688437462,0.05002512037754059
11,6,0.05932752043008804,0.0028386670164763927,0.01779063045978546,0.007417547050863504,0.04611577093601227
2,8,0.023836085572838783,0.08356375992298126,0.03213335573673248,0.13362815976142883,0.04176712781190872
10,5,0.07161401957273483,0.01686379313468933,0.02495153620839119,0.011564256623387337,0.0413629487156868
9,10,0.06386470794677734,0.008018381893634796,0.02139178104698658,0.00313172466121614,0.0375862717628479
12,6,0.0056117866188287735,0.010599863715469837,0.007899921387434006,0.04736125469207764,0.03447325527667999
8,6,0.11918116360902786,0.027482107281684875,0.11330626159906387,0.05545739829540253,0.03385019302368164
12,3,0.03657778725028038,0.03174223378300667,0.020815232768654823,0.048413850367069244,0.03243417292833328
4,9,0.12087119370698929,0.06710416078567505,0.07708428800106049,0.05475213751196861,0.031434882432222366
9,9,0.1487244963645935,0.07198850065469742,0.08152516186237335,0.03465494513511658,0.029865778982639313
8,11,0.03956902027130127,0.01196330413222313,0.004192667547613382,0.005867314990609884,0.029280364513397217
5,4,0.38062599301338196,0.0016697435639798641,0.3552963137626648,0.005584560334682465,0.02924451231956482
7,9,0.035194601863622665,0.005764144007116556,0.007629904896020889,0.006838466972112656,0.028639020398259163
9,6,0.03452479839324951,0.0038642389699816704,0.045175835490226746,0.04177645221352577,0.027261175215244293
5,5,0.044269971549510956,0.008544228971004486,0.0202487725764513,0.011443442665040493,0.026920411735773087
9,12,0.03127345070242882,0.009732683189213276,0.011207625269889832,0.013426589779555798,0.023759733885526657
11,10,0.04275818541646004,0.0018567076185718179,0.03764564171433449,0.019926054403185844,0.023181891068816185
11,1,0.03727196156978607,0.002044057473540306,0.013082414865493774,0.0008769537089392543,0.023022441193461418
8,1,0.055698804557323456,0.009462328627705574,0.0354098305106163,0.012131748721003532,0.02295839600265026
6,5,0.07183374464511871,0.014309392310678959,0.07270661741495132,0.036121152341365814,0.02093888819217682
7,2,0.07188993692398071,0.010479491204023361,0.05362860485911369,0.012235603295266628,0.02001744508743286
5,9,0.02127073146402836,0.018724573776125908,0.01858796551823616,0.03581349179148674,0.01977168396115303
7,10,0.002797128865495324,0.036179058253765106,0.0019347196212038398,0.0516701266169548,0.016353480517864227
6,11,0.002536154817789793,0.008436307311058044,0.0023527347948402166,0.024540506303310394,0.01628761924803257
4,2,0.13582372665405273,0.0666620284318924,0.12087728083133698,0.06664558500051498,0.014930002391338348
10,3,0.06397300213575363,0.007040537428110838,0.05468081682920456,0.012671156786382198,0.01492280513048172
10,7,0.014750180765986443,0.0004521177033893764,0.0010211396729573607,0.0008128787740133703,0.014089802280068398
10,4,0.02282220497727394,0.005219345912337303,0.009315610863268375,0.005691369529813528,0.013978617265820503
12,1,0.02004563994705677,0.0015120619209483266,0.007413014769554138,0.000897928373888135,0.012018491514027119
5,10,0.007459125015884638,0.015454431064426899,0.012294797226786613,0.029547428712248802,0.009257325902581215
9,3,0.004768483806401491,0.0006098660524003208,0.0005255060386843979,0.0049520512111485004,0.008585162460803986
4,5,0.05813111737370491,0.027700237929821014,0.06933785229921341,0.04698904603719711,0.0080820731818676
5,7,0.027549484744668007,0.030796758830547333,0.0195102971047163,0.02995997481048107,0.007202403619885445
12,5,0.012795635499060154,0.002648080699145794,0.007144507020711899,0.0037514413706958294,0.006754489149898291
8,7,0.011409741826355457,0.002067777095362544,0.0037083991337567568,0.0009120926260948181,0.006545658223330975
4,8,0.0112026771530509,0.012129980139434338,0.008694194257259369,0.015372599475085735,0.005751102231442928
8,2,0.007024042308330536,0.0018452716758474708,0.005753532517701387,0.005776362493634224,0.00520160049200058
2,5,2.008701630984433e-05,0.025186646729707718,1.904459531942848e-05,0.02990398183465004,0.004718378186225891
8,9,0.012656752951443195,0.002588678151369095,0.00716248806566,0.0018119815504178405,0.004717568401247263
6,9,0.022731784731149673,0.021079467609524727,0.010614585131406784,0.013549480587244034,0.004587212577462196
3,9,0.01598941721022129,0.07082546502351761,0.016374660655856133,0.07568635791540146,0.00447564572095871
1,2,0.12625382840633392,0.15027235448360443,0.1468484103679657,0.174784854054451,0.003917917609214783
3,6,0.023442689329385757,0.03159693628549576,0.022220894694328308,0.03374369069933891,0.0033685490489006042
2,3,0.005642250180244446,0.024221455678343773,0.008245404809713364,0.029693875461816788,0.002869265154004097
1,10,0.03788086771965027,0.0883718803524971,0.04001818597316742,0.09335800260305405,0.002848803997039795
4,4,0.015128226950764656,0.022935133427381516,0.02143084444105625,0.03207506984472275,0.002837318927049637
6,3,0.018506230786442757,0.02032175101339817,0.009098912589251995,0.013634716160595417,0.002720283344388008
3,3,0.00886639766395092,0.0069436379708349705,0.007738830056041479,0.008350568823516369,0.0025344984605908394
3,5,0.01681637577712536,0.020896369591355324,0.015516064129769802,0.022052958607673645,0.0024569006636738777
6,2,0.0009139763424172997,0.002853614278137684,0.0006695952033624053,0.005024457350373268,0.002415223978459835
6,12,0.004659584723412991,0.0012912326492369175,0.0019063785439357162,0.0008671660325489938,0.00232913950458169
7,12,7.126251148292795e-05,0.0034868887159973383,6.396744720404968e-05,0.005778861697763205,0.0022992680314928293
5,2,0.04091531038284302,0.015031620860099792,0.035733167082071304,0.012067163363099098,0.002217685803771019
3,8,0.06138060986995697,0.06706468015909195,0.06327813863754272,0.07091285288333893,0.0019506439566612244
7,6,0.0035102488473057747,0.00043401503353379667,0.001380794681608677,0.00023242142924573272,0.0019278606632724404
1,12,0.01334463432431221,0.03807343915104866,0.014333494007587433,0.04089474305510521,0.0018324442207813263
4,7,0.011310956440865993,0.0031525446102023125,0.012096265330910683,0.005466990638524294,0.0015291371382772923
10,10,0.009980883449316025,0.006939628627151251,0.009833595715463161,0.008268467150628567,0.0014761262573301792
5,3,0.00872326735407114,0.012913077138364315,0.008701938204467297,0.014216991141438484,0.0013252431526780128
2,12,0.03937815502285957,0.0033908607438206673,0.038542285561561584,0.003834871342405677,0.0012798793613910675
8,5,0.002208801219239831,0.0015775784850120544,0.0007471078424714506,0.0013773278333246708,0.0012614426668733358
4,12,0.0023896468337625265,0.026134587824344635,0.002375941723585129,0.02737157791852951,0.0012506954371929169
8,10,0.008950360119342804,0.00305608450435102,0.010386659763753414,0.005632154177874327,0.001139769796282053
7,4,0.0006788567407056689,0.0019658240489661694,0.0003810543566942215,0.002764867153018713,0.001096845488063991
7,7,0.0034749701153486967,0.0022845289204269648,0.0018682284280657768,0.0016026404919102788,0.0009248532587662339
12,2,0.0008904305868782103,0.0017483035335317254,0.0027597115840762854,0.004475909285247326,0.0008583247545175254
9,7,0.0012177372118458152,0.0001360302121611312,0.0006807707832194865,0.00037580085336230695,0.0007767369970679283
8,8,0.001968425465747714,0.000649625959340483,0.0010247445898130536,0.0003234966716263443,0.0006175516173243523
12,8,0.007499316707253456,0.003648771671578288,0.017335589975118637,0.014028670266270638,0.0005436253268271685
8,4,0.014211902394890785,0.0018760750535875559,0.013249182142317295,0.001146908849477768,0.00023355428129434586
1,7,0.15584370493888855,0.05946410819888115,0.15560372173786163,0.059372540563344955,0.00014841556549072266
2,11,0.0162156131118536,0.03731885924935341,0.013110674917697906,0.03436076268553734,0.0001468416303396225
4,6,1.7841239241533913e-05,0.0015941117890179157,1.42670769491815e-05,0.001707676681689918,0.00011713907588273287
4,3,0.00042465017759241164,0.00056347536155954,0.0008022880065254867,0.0010413981508463621,0.00010028496035374701
6,10,0.0009984812932088971,0.0010947013506665826,0.0003261050733271986,0.00047089383588172495,4.856870509684086e-05
6,8,0.000697784882504493,0.0015452823136001825,0.00044216884998604655,0.001318212947808206,2.8546666726469994e-05
1,4,0.0005809559370391071,0.14267942309379578,0.0005809848080389202,0.14268651604652405,7.063150405883789e-06
3,1,2.1930542715153933e-08,2.8447216138260956e-08,2.9438492532563032e-08,2.432673262831031e-08,-1.1628433327359744e-08
3,10,1.6532545998870773e-08,1.353691487793185e-07,1.850469288910972e-08,1.1875604144506724e-07,-1.85852542244902e-08
6,7,0.0007230684859678149,0.0017086963634938002,0.0005330700660124421,0.001506588887423277,-1.2109056115150452e-05
4,1,0.0007782986504025757,7.629818719578907e-05,0.0008229112136177719,7.959481445141137e-05,-4.131591413170099e-05
2,2,8.344724483322352e-05,0.00041464081732556224,4.380528480396606e-05,0.0003070241946261376,-6.797464448027313e-05
2,7,2.9597102184197865e-05,0.000815158593468368,2.652715011208784e-05,0.000742741278372705,-6.934738485142589e-05
1,3,0.0003063979675062001,0.05419451370835304,0.0003058872534893453,0.05410417914390564,-8.982419967651367e-05
1,1,0.05265279859304428,0.048475898802280426,0.05412908270955086,0.049835070967674255,-0.00011711195111274719
1,5,0.02917560562491417,0.03623800352215767,0.028517579659819603,0.03542069345712662,-0.0001592840999364853
1,8,0.044647324830293655,0.027474423870444298,0.0450957752764225,0.02775038592517376,-0.00017248839139938354
3,7,0.0034537147730588913,0.0007376294233836234,0.0036283619701862335,0.000722555152606219,-0.0001897213514894247
5,6,0.0006073953118175268,0.0013847713125869632,0.000438940420281142,0.0009412392391823232,-0.00027507718186825514
8,3,0.004962863400578499,0.0030168478842824697,0.003363282885402441,0.0009314109338447452,-0.00048585631884634495
2,1,0.009681685827672482,0.007284302264451981,0.013916468247771263,0.0109565369784832,-0.0005625477060675621
4,10,0.001872060471214354,0.005080866627395153,0.0015519658336415887,0.0041792611591517925,-0.0005815108306705952
5,12,0.006295978091657162,0.005159834399819374,0.004811626393347979,0.003058680100366473,-0.0006168026011437178
3,2,7.085011748131365e-05,0.004777056630700827,9.580462210578844e-05,0.0038862554356455803,-0.0009157559834420681
6,1,0.0037720215041190386,0.004909913055598736,0.0036842229310423136,0.0038621723651885986,-0.0009599421173334122
2,10,0.031220346689224243,0.019642475992441177,0.0348690003156662,0.022203901782631874,-0.0010872278362512589
1,9,0.051764070987701416,0.2316993921995163,0.051360584795475006,0.22989335656166077,-0.001402541995048523
11,8,0.00646555470302701,0.007052777335047722,0.038320235908031464,0.037022896111011505,-0.0018845624290406704
2,6,0.012130619958043098,0.016376251354813576,0.012043868191540241,0.014371748082339764,-0.001917751505970955
2,4,0.050217099487781525,0.0680403932929039,0.05500778928399086,0.07073752582073212,-0.0020935572683811188
1,11,0.001651369733735919,0.021305428817868233,0.001471564406529069,0.01898564025759697,-0.0021399836987257004
12,11,0.008439778350293636,0.004579685162752867,0.012359821237623692,0.0032100887037813663,-0.005289638880640268
5,8,0.0012648013653233647,0.021619955077767372,0.0008229576633311808,0.015244920738041401,-0.005933190695941448
3,12,0.03359133005142212,0.04847598448395729,0.02108331397175789,0.025862175971269608,-0.010105792433023453
2,9,0.013674319721758366,0.08710557967424393,0.018522217869758606,0.08177877217531204,-0.0101747065782547
12,12,0.003269638167694211,0.004378970246762037,0.02219373732805252,0.01288399938493967,-0.010419069789350033
3,4,0.08044452220201492,0.014089640229940414,0.08918555080890656,0.010951836593449116,-0.011878825724124908
1,6,0.12785929441452026,0.032315146178007126,0.1472017914056778,0.037203770130872726,-0.014453873038291931
11,4,0.0013756378320977092,0.036527443677186966,0.026885125786066055,0.046938713639974594,-0.015098217874765396
11,12,0.02964327298104763,0.020589089021086693,0.056067582219839096,0.021792899817228317,-0.02522049844264984
10,12,0.01486195158213377,0.011496291495859623,0.09181194007396698,0.03381070867180824,-0.05463556945323944
11,5,0.1664630025625229,0.00882051046937704,0.6185594201087952,0.008949791081249714,-0.45196712017059326
